Time,Lat,Lon,Depth,Mw,Mo,FocalMechanism,Width,Length,AspectRatio,Strike,Dip,Rake,RuptureVelocity,RuptureTime,StressDrop,Heterogeneity,Young,Poisson
734970,2.3484,93.0725,23,8.65,1.2251029e+22,StikeSlip,41.0120283094563,254.303977948875,6.20071692211915,108.34,86.98,169.94,1.46,6.18,60,348.789770280882,118716750130.843,0.284680397883331
733297,-4.517,101.382,30,8.44,6.0391478e+21,Reverse,201.877649788437,259.473841135276,1.28530246615808,320,15,114,2.21,8.11,5,1.04857719940542,172047389584.776,0.279614601032487
731025,-16.26,-73.64,33,8.38,4.8607351e+21,Reverse,193.088651306348,226.329288173673,1.17215220388373,309.99,17.53,62.6,2.05,6.8,2.2,1.27792609280379,144570329489.601,0.276787991275869
728571,43.71,147.33,48,8.32,4.0375501e+21,StikeSlip,122.468606619479,150.152037740321,1.22604512197038,158,41,24.04,2.21,4.6,14,8.1699864460825,172314616165.572,0.27952031615098
732996,46.51,153.39,15.25,8.29,3.5498175e+21,Reverse,97.9613284406483,280.860385650963,2.86705366415205,220,16,92.49,2.01,7.54,2.5,4.89004328415661,89667553770.957,0.278335750856255
731849,41.81,143.91,27,8.24,3.0654916e+21,Reverse,163.870788515775,200.150469537439,1.22139199640314,240,17,132.36,2.02,4.85,4.8,0.885119614880079,156740235788.199,0.278122707337802
736223,-31.5952,-71.6728,29,8.23,2.9107715e+21,Reverse,117.037511654275,188.22270375687,1.60822544068498,6,19,105,1.47,5.55,3.3,3.40630734404381,95922313088.8535,0.30549814513867
736946,15.0286,-93.807,70,8.19,2.5437013e+21,Normal,71.2842837153096,127.469805855563,1.78818947476057,315,73,264,1.97,4.74,14,7.09157643750325,172821445288.877,0.279487037997594
733055,46.24,154.52,7.5,8.18,2.4261536e+21,Normal,50.6646981354625,162.081744091745,3.19910608484011,220,39,254,2.41,4.27,9.9,4.68682985888359,127342160646.548,0.290461394436428
729072,-0.946,136.941,20,8.14,2.1736949e+21,Reverse,118.527845586494,195.75055346432,1.65151532532897,109,17,69,2.38,5.34,4.6,2.52670029977564,112128329443.814,0.276563761596477
729839,-62.88,149.53,10,8.08,1.7240405e+21,Oblique,17.8166208794688,236.348162328981,13.265599797397,99,74,-18,3.4,4.69,52,46.1604107901849,103729694258.504,0.290953144683549
732304,-49.31,161.35,10,8.08,1.7100321e+21,StikeSlip,23.4113828363656,166.45363630916,7.10994465694706,163,69,16.31,1.89,4.01,25,67.5652325212493,81983872909.9857,0.308988920283755
730806,-3.98,152.17,33,8.07,1.6563562e+21,StikeSlip,33.0632140058815,152.178720167419,4.60265962469192,328.02,65,3.19,1.76,5.37,20,6.80570491645855,172821445288.877,0.279487037997594
734045,-15.6,-172.3,18,8.06,1.6319659e+21,Normal,34.2947661665109,128.872341876102,3.75778453337135,342.45,57.06,290.16,1.54,3.62,70,20.2276728229273,141506841562.232,0.280830177952414
735271,-10.7377,165.1378,28.7,8.03,1.4506814e+21,Reverse,125.866658929437,212.726611270861,1.69009500276097,308,18,62,1.56,4.81,2.9,0.615512390542824,163313471943.793,0.279812683215698
732800,-20.19,-174.12,65,7.95,1.1232917e+21,Reverse,85.4207176143148,82.4059482489018,0.964706812941738,221,22.04,122.98,2.01,3.64,7.8,0.351612371391497,172821445288.877,0.279487037997594
735773,51.83,178.75,109,7.91,9.7612555e+20,Normal,66.5610398049385,84.7060742153634,1.27260743617588,309,84,243,1.49,3.78,13,1.6629702130503,172821445288.877,0.279487037997594
735555,-60.2961,-46.362,12,7.89,8.9435565e+20,StikeSlip,44.1940152834853,281.68745699498,6.37388241797172,100,50,0,2.25,6.4,7.2,1.01212549631795,129139221548.996,0.287958962183203
736717,-6.2669,155.1189,136,7.88,8.7886363e+20,Reverse,43.5319450161821,49.4506575256942,1.13596250999839,135,55,100,2,2.42,26,0.374959422512138,172821445288.877,0.279487037997594
737083,56.046,-149.073,25,7.88,8.8156317e+20,StikeSlip,18.6608528703869,174.444678799174,9.34816216658574,258,69,4,2.13,3.91,20,4.77988482820875,96751961900.4622,0.298078871121607
728996,44.62,149.32,24,7.86,8.2000641e+20,Reverse,161.86040292786,153.1934755685,0.946454307523118,227,12,95,2.44,5.17,1.2,0.228433202429185,103368800645.002,0.286463062594098
729186,51.56,-177.63,28,7.86,8.1305019e+20,Reverse,134.906480730713,156.815671267265,1.16240280242937,265,15,84,1.62,4.76,0.7,0.188607581099422,79076699280.1595,0.295408168583132
730655,-13.8,97.45,10,7.86,8.0369288e+20,StikeSlip,9.77143025075435,91.4573194174664,9.35966558328613,161.3,63.48,354.5,1.99,2.63,104,69.240521219448,85973085807.3462,0.296852747419203
733297,-2.62,100.84,35,7.86,8.1238186e+20,Reverse,65.0940539935193,111.441875201939,1.7120131312306,317.29,25,101.85,2.27,4.15,6.7,0.199426661222459,165482259183.01,0.278896650077159
730641,-4.72,102.09,41.2,7.84,7.6472875e+20,StikeSlip,50.9999681957453,114.966300947385,2.25424260082138,198.88,59,37.96,1.77,2.98,16,1.40530074147374,172821445288.877,0.279487037997594
731169,35.95,90.54,10,7.84,7.4493991e+20,StikeSlip,28.5146166342482,357.678866344732,12.5437024432982,94.41,72,348.41,3.51,12.41,13,3.18600378235268,86956447859.6556,0.244466293832987
733385,-26,-177.51,152.5,7.83,7.2292271e+20,StikeSlip,90.7832951371964,106.888452342768,1.17740221018892,12,9,37.76,2.49,2.83,6.6,0.0748099020506405,172821445288.877,0.279487037997594
735170,52.742,-132.131,15,7.83,7.3267351e+20,Reverse,48.9882212292693,214.223636385747,4.3729621327372,323,30,120,1.86,3.97,4.6,1.68929666948111,97339325626.7932,0.26901342469068
736079,28.13,84.65,15,7.82,7.1023654e+20,Reverse,108.213271286893,125.253668168391,1.15747049025365,293,7,108,2.4,3.08,2.1,0.745301506434293,83508564010.143,0.242788753968348
736436,0.3482,-79.972,20,7.82,7.0633008e+20,Reverse,122.372261247957,146.082620686098,1.19375599663144,29,15,118,2.29,3.04,2.4,0.430972554337765,115086222619.087,0.273517035673407
729025,0.72,119.98,16,7.82,7.0023776e+20,Reverse,78.9937700998004,104.738350981681,1.32590647147686,53,7,54,2.61,2.65,3.9,0.611890979406823,98509950893.885,0.270167481648401
733969,-45.76,166.56,12,7.82,7.0639667e+20,StikeSlip,46.397525357333,78.6601320772378,1.69535188507216,29,26,137.81,1.75,4.28,15,9.68211076804261,104712749665.71,0.271651498446573
734234,2.36,97.132,31,7.81,6.8406583e+20,Reverse,143.475896405748,132.74559023715,0.925211785133209,312.7,12.04,91.74,2.14,4.42,3.6,0.0926918646188804,148040207548.209,0.277853009111114
736893,54.4673,168.8587,12,7.8,6.6668233e+20,StikeSlip,59.2679131311992,283.171954896317,4.7778290129681,307,72,174,2.44,6.57,3.6,0.372866901032837,154221267125.265,0.282832268780702
736672,-10.6741,161.3351,41,7.79,6.3605141e+20,Reverse,58.0507231532963,54.0180838328122,0.930532487772203,290,50,67,2.2,2.03,10,1.33711787229657,158921290723.948,0.27847063708724
735692,-20.518,-70.505,32,7.78,6.2599773e+20,Reverse,112.373783324229,113.298377436938,1.00822784536889,355,18,95.24,2.09,4.21,3.1,0.0753927316409442,172821445288.877,0.279487037997594
736391,-4.905,94.236,24,7.77,6.0159401e+20,StikeSlip,25.2143881369033,68.8408137241838,2.73021948224196,274,84,164,1.29,3.83,12,2.5416627194696,82884630669.5999,0.309975612949579
730806,-5.23,153.1,30,7.76,5.8280006e+20,Reverse,91.2343275234098,102.429104142834,1.12270355822541,252.49,14.84,92.62,2.03,4.12,3.1,0.267372594041979,162005800757.648,0.278777258092157
734436,-3.464,100.084,15,7.76,5.6676184e+20,Reverse,111.84855015103,173.304241088134,1.54945451554017,325,11.62,100,1.49,5.12,1,0.272380051349965,116008724976.315,0.273683964089024
729729,54.841,162.035,34,7.75,5.5183332e+20,Reverse,102.54530243907,131.943306491921,1.28668308887498,202,23,74,2.34,3.74,1.4,0.111423893790485,170842841250.234,0.279550711252613
728149,12.994,144.752,59,7.74,5.2796836e+20,StikeSlip,66.8090411363575,87.0372176303183,1.30277603375081,312,24,147,1.24,3.51,5.3,0.0292704334865835,172821445288.876,0.279487037997594
728447,-10.477,112.835,20,7.74,5.3889114e+20,Reverse,101.161176419127,90.7637325089834,0.897219029293756,278,7,89,1.2,6.59,2,0.0840025516012299,167397358422.284,0.279849964093984
732476,-20.01,-69.24,108,7.74,5.399882e+20,Normal,43.9562794466242,59.0542481905538,1.34347694877732,175,15,270,3.11,2.13,16,1.41434923834053,172821445288.877,0.279487037997594
735340,27.86,62.15,60,7.73,5.2373565e+20,Normal,69.0416108668914,80.6406018415105,1.16800000505465,232,61.7,250,2.07,3.14,6.5,0.281294649574766,154173823565.258,0.276724403775882
727910,-8.51,121.89,28,7.73,5.1449486e+20,Reverse,62.551664800983,152.661894754534,2.44057284870434,88,34,95,2.39,3.09,2.7,0.696376188345295,94598897375.7458,0.26873004852719
731902,51.15,178.65,30,7.73,5.2577996e+20,Reverse,122.231634891241,114.537408458265,0.93705208606739,280.39,18.82,121.89,2.28,3.66,1.2,0.272379028818356,137262414510.591,0.277776679507782
728656,40.45,143.49,26,7.72,4.9239425e+20,Reverse,92.7711003484391,101.774329058331,1.09704777324055,183,15,67,2.55,4.31,3.7,0.108517305719705,160774202769.038,0.278691686774427
730807,-5.5,151.78,33,7.72,5.0791017e+20,Reverse,74.1426196828195,107.55169175485,1.45060549809211,240,32,64.1,1.89,4.07,3.4,0.487144832830799,119889873512.78,0.268105614238669
735701,-11.3149,162.2114,29.3,7.71,4.7974282e+20,StikeSlip,69.179306409582,100.386205192232,1.45110164299548,115.8,69,24.05,1.6,3.02,7.2,0.37344789618538,117171091166.478,0.284850695457009
736540,18.5153,145.5293,212.4,7.7,4.5978902e+20,Reverse,44.7358619097966,47.3382490058605,1.05817228024602,326,65,68,1.73,2.19,19,0.0683543215352211,189269066994.94,0.289246858357734
728887,-5.786,154.181,30,7.7,4.59201e+20,StikeSlip,77.6625785264549,111.151951050913,1.43121633558755,320,39,9,2.19,4.25,4.8,0.573741872652393,148569376781.646,0.277636374630236
729341,-14.973,-75.57,21,7.7,4.6131942e+20,Reverse,72.3661203673855,159.185592964284,2.1997253985171,312,33,55,1.97,3.77,2.8,0.307794308640947,130420098224.088,0.275749311514641
730864,13.05,-88.66,60,7.7,4.6609855e+20,Normal,58.4294110861177,64.6346242973217,1.10620016693405,307.31,55.5,273.62,1.35,2.16,9.4,0.183828267416508,170476165141.61,0.279283990683892
732875,-9.25,107.41,12,7.7,4.6129735e+20,Reverse,83.7943906158928,226.454270731461,2.70249916571994,290,10,102,1.55,9.1,0.5,0.371614341838442,42529976908.6749,0.301392869211768
729501,-12.58,166.68,28,7.69,4.4637667e+20,Reverse,58.6068024610004,92.7134947009472,1.58195790945331,178,63,122,2.05,5.3,4.4,0.246713267365926,171373563846.73,0.279489952450242
729677,-22.1,-176.77,167,7.69,4.4966202e+20,Normal,57.3327412725075,53.4681183060499,0.932593089381708,16,81,255,1.54,2.41,8,0.0444179339433823,173479597703.941,0.279915530395332
730088,-2.07,124.89,16,7.69,4.4547768e+20,StikeSlip,32.7172660412537,97.8409175610619,2.99049796635491,196,65,210,2.2,2.32,5.9,3.67189680017926,85013607402.9116,0.307070619251123
733851,-23.043,-174.66,31,7.69,4.4374496e+20,Reverse,40.765076520319,62.7084362314034,1.53828820117992,204.63,50,97.74,2.05,2.1,18,1.20386974831876,171551790881.798,0.279570644638117
733360,-22.25,-69.89,40,7.68,4.334064e+20,Reverse,87.941535482749,124.843536361686,1.41961970161615,358,23,98,2.35,3.87,2.7,0.368093839777059,99332462724.0499,0.254454707993982
728795,-23.01,169.89,20,7.65,3.8914862e+20,Normal,49.0489381148976,87.9410334188644,1.79292430781808,284,38,261,2.3,2.65,4.1,0.683738866064435,111142334373.717,0.283035790189813
733776,-0.51,132.78,17,7.65,3.8738499e+20,Reverse,70.1536543440756,101.033524370937,1.44017478940452,94,28,48,1.34,1.69,3.6,0.749666779430282,88698483206.8041,0.258589336162244
732564,-4.54,153.47,90,7.63,3.6948613e+20,Reverse,90.8907455636505,111.156230831202,1.22296533207948,318.61,60.26,89.17,1.97,3.61,1.3,0.0922204515671752,172821445288.876,0.279487037997594
736689,-43.4167,-73.8972,30,7.61,3.3952873e+20,Reverse,49.4760541468294,86.8942914714596,1.75628984505483,356,16,83,2.34,2.58,7.9,0.155200398532907,131690980118.667,0.276589724810237
727809,11.4582,-87.62,9.5,7.61,3.3846163e+20,Reverse,63.632295351374,296.884177651816,4.66562106572517,303,15,90,1.41,10.46,0.5,0.918601908404533,26778927435.1317,0.288391478724996
730877,23.42,70.23,16,7.61,3.4296296e+20,Reverse,25.5529721392433,83.5874821899531,3.27114520121057,65.59,63.73,59.84,1.8,2.49,7,3.83119616156344,93756957836.7649,0.256255548839548
730573,22.34,143.73,126.5,7.6,3.2737879e+20,Normal,29.673046843111,39.2426269135463,1.3225007570349,112.46,85.3,273.53,0.9,2,26,0.298614498029145,172821445288.877,0.279487037997594
734053,-13.01,166.51,45,7.6,3.2977165e+20,Reverse,59.2686162671563,74.0238811037649,1.24895578412188,343.58,46,86.84,1.91,4.08,4.8,0.112205020067211,168201541088.054,0.279828602042596
726941,1.16,122.84,26,7.59,3.210111e+20,Reverse,85.8788358181019,103.346306975696,1.20339669245856,112,31,122,2.31,2.31,2.2,0.369802828670757,127358041140.368,0.275304841272014
731039,-17.54,-72.08,33,7.59,3.2067802e+20,Reverse,84.6643086849462,110.562487432164,1.30589252011246,304,26,51.59,1.83,2.74,3.4,0.0729931120025577,140576718286.652,0.278637537260455
735112,10.8278,126.6774,34.9,7.59,3.181638e+20,Reverse,59.5278806448186,58.2023665573134,0.977732886285436,345.75,45.77,63.81,2.22,2.11,5.9,0.3159938407163,166782033640.269,0.280474768146541
730383,23.834,120.813,10,7.58,3.0437142e+20,Reverse,45.3259595351098,105.859601573811,2.33551815912052,3,30,57,1.32,2.92,3.7,3.77382680197336,63543073059.1697,0.241849633294346
732787,60.95,167.09,22,7.58,3.1041452e+20,Reverse,37.8106733502734,137.567826142555,3.63833314652039,206.51,40.34,76.49,1.85,2.49,3.9,0.712131665567515,98973816744.4507,0.263830059114278
727310,9.68,-83.08,10,7.57,2.98336e+20,Reverse,56.0106645067242,122.627834581841,2.18936582277325,103,25,58,2.14,2.88,5.2,0.331840106897795,98373704421.9097,0.260841870520753
732593,34.493,73.629,11,7.57,2.954664e+20,StikeSlip,31.4564656463582,68.9130591152266,2.19074386455126,320,29,140,2.15,2.13,11,10.7812110960237,82165263157.8948,0.242105263157895
727944,42.85,144.383,107,7.55,2.7419255e+20,StikeSlip,40.5673533652347,44.9294284706815,1.10752673624464,134,6,324,2.5,2.03,8.4,0.0778402688509178,172821445288.877,0.279487037997594
731797,-60.53,-43.41,10,7.55,2.793036e+20,StikeSlip,14.1447619287314,82.2601755264226,5.81559279264592,105,48,336.62,1.81,3.08,31,7.32897488843749,152266179273.159,0.280247569011526
734690,-29.312,-176.204,20,7.55,2.7847695e+20,Normal,40.0633399828421,90.7948830499323,2.26628341742893,169.65,52.49,254.86,1.26,2.52,8.2,0.192928121825937,124574862275.794,0.290286299971267
735239,55.2918,-134.7277,12,7.55,2.7712248e+20,StikeSlip,19.8542320450921,76.6483760730886,3.86055607182429,335.78,73.45,184.39,2.05,2.62,16,5.77958104408802,94009008786.1558,0.26891174272959
736263,36.4687,70.6106,213.5,7.54,2.6500622e+20,Reverse,37.3359210118654,34.5703111336637,0.925926298233734,106,70,91,0.87,3.15,15,0.486912730642054,172821445288.877,0.279487037997594
727554,45.47,151.05,25,7.54,2.6693377e+20,Reverse,91.0629652831745,151.272831194522,1.66118938389625,226,19,99,2.4,2.65,0.8,0.0986625386479479,75131334910.2142,0.30012209831733
731467,-3.3,142.95,13,7.54,2.6609517e+20,StikeSlip,39.0471301126707,96.2576836228407,2.46516666769334,106.23,34.03,42.72,2,2.04,5.2,1.950405649989,74789464312.5388,0.274443250424626
731499,-1.76,134.3,10,7.54,2.6633453e+20,StikeSlip,15.4423168836314,123.349184383941,7.98773819456386,59.8,82.59,4.34,2.01,2.76,16,3.79749794635968,94783829811.9042,0.269145446521822
730349,40.75,29.86,17,7.53,2.5945313e+20,StikeSlip,30.120635065878,80.9846977703958,2.6886782962335,91,87,164,2.15,2.03,6.3,2.67404312973976,87307526141.3927,0.267612302695552
731777,-2.6,68.38,10,7.53,2.5493191e+20,StikeSlip,13.0787698071559,117.374933534005,8.97446283287164,36,79,158.85,1.94,4.56,6.1,4.20778103402282,55906416710.5271,0.319865293326076
733262,-5.93,107.68,291.2,7.53,2.5635541e+20,Reverse,23.7765436785289,41.6100833374765,1.75004760574397,81.71,77.93,62.13,1.75,2.03,22,0.119995654806619,200366428918.891,0.294651364956453
737070,17.4693,-83.5197,12,7.52,2.5283978e+20,StikeSlip,12.444808318727,54.0611865598314,4.34407547109263,256,85,0,2.18,1.87,42,22.9094984721633,84684702028.899,0.291898274360582
730610,-1.11,123.57,26,7.51,2.45891e+20,StikeSlip,26.7832678659101,113.614532464004,4.24199664629473,220,64.02,172.33,1.97,2.54,8.1,0.762774139104561,120721670310.089,0.274783714540793
737116,-6.035,142.908,15,7.49,2.2334766e+20,Reverse,62.3341028081009,174.54917831429,2.80021963020226,308,33,110,2.2,3.22,2.3,0.254665776424551,91023874356.7129,0.259773890237877
729076,-9.738,-79.711,10,7.49,2.2703078e+20,Reverse,75.1376848637008,117.338392870533,1.56164503981436,335,14,88,1.79,3.01,1.2,0.245392228127642,87089475681.7754,0.266575824949975
729702,35.196,86.978,11.67,7.48,2.1994478e+20,StikeSlip,19.4963664654781,123.942575682953,6.35721409435016,79,82,2,2.13,2.23,6.9,3.93869524658307,82165263157.8947,0.242105263157895
732581,-5.68,-76.4,115,7.48,2.1926721e+20,Normal,30.02614606663,34.4644687070548,1.14781526175806,346.69,36,267.85,2.23,2,22,1.47826667933116,172821445288.877,0.279487037997594
736089,-5.5034,151.9151,42,7.47,2.0755723e+20,Reverse,86.8788946834266,85.8459572308348,0.98811060550027,244,29,75,2.49,2.48,1.4,0.0149290519631029,144665045376.316,0.275128407386977
735708,-6.7203,154.9315,30.8,7.47,2.1205592e+20,Reverse,60.0377470834981,49.4276422082847,0.823276098943932,315.14,33.13,90,1.87,3.04,3.7,0.0325024228947125,169620323121.155,0.279883162135427
727369,1.17,122.76,31,7.47,2.0790291e+20,Reverse,83.4764581043806,69.0918738468398,0.827680946410615,109,10,102,2.49,2.24,2.8,0.0979578653925511,154979583729.667,0.278404182510164
728088,51.22,157.84,46,7.47,2.132081e+20,Reverse,106.04440329273,124.016744792769,1.16947939676201,211,29,90,2.32,2.65,1,0.0258047405311622,148630640073.666,0.277525625625947
732262,-8.15,124.87,10.5,7.47,2.1081025e+20,Reverse,60.9145922695209,71.1649228416947,1.16827381076148,67.2,22.5,72.27,2.16,2.34,4.1,0.652337468062716,92433525817.5518,0.268327401536147
731603,18.77,-104.1,24,7.46,2.0225539e+20,Reverse,75.0688814174997,64.1335806418473,0.854329775944907,304,16,110.5,2.05,2.07,4.6,0.0608742934556868,142236116397.781,0.27792859382424
733313,22,142.65,276.1,7.46,2.0129418e+20,Reverse,31.7745574792782,27.8351969775863,0.876021546350067,73.3,48.54,50.05,1.86,1.96,18,0.558042557440447,200478024329.075,0.294701159381663
734046,-0.8,99.9,78,7.46,2.0585054e+20,StikeSlip,22.3940272943982,29.6042759203114,1.32197194953481,71.34,53.51,137.96,1.89,1.97,30,0.694029307924278,172821445288.876,0.279487037997594
731280,6.03,124.25,31,7.45,1.9504308e+20,Reverse,81.4301510382397,96.4768785017827,1.18478078784942,314.09,24.66,69.61,2,2.04,2.9,0.0300211579170744,140855478853.195,0.276811553150952
733063,1.07,126.28,22,7.45,1.9893466e+20,Reverse,47.5749455877887,133.27498560095,2.80136916510017,26,38,107.94,1.95,2.48,3.4,0.154915072258885,103553611111.799,0.271186067218148
733995,14.1,92.89,24,7.45,1.948191e+20,Normal,61.9147324041657,131.641575729975,2.1261753159272,202.5,35,271,2.06,5.43,1.8,0.156097705208553,90775147457.1738,0.277795745638386
734301,7.88,91.94,35,7.45,1.9811867e+20,StikeSlip,50.9641334550701,62.3100627183293,1.22262576628055,115.1,66.14,149.13,1.77,2.15,10,0.206647529444248,172323174946.641,0.279519753124759
735702,-11.4548,162.0634,35,7.43,1.860952e+20,Reverse,75.5673094060179,44.8375026093517,0.593345230388486,90,40,75,2.2,2.96,4.9,0.139508317480684,103878943857.226,0.285929725913492
729759,-22.3,170.91,101,7.43,1.8389115e+20,StikeSlip,77.763845329583,103.033176690218,1.32494961191203,336,47,160,1.54,2.99,2.2,0.0337021137788713,172821445288.877,0.279487037997594
734948,16.5,-98.22,20,7.42,1.7831935e+20,Reverse,54.972267816172,51.6415957916315,0.939411776940359,296,13,95,1.81,2.17,8.5,0.548797599664343,101489186518.127,0.267954165882121
730450,-16.288,168.288,14,7.41,1.6854665e+20,Reverse,31.3621236698294,138.295234542063,4.40962595511682,170,40,67,1.67,3.31,3,0.132598902311073,101029370262.58,0.291675810667024
735377,-23.01,-177.23,174,7.39,1.574821e+20,Normal,22.764960013967,34.5037257888167,1.51565062129025,15,79,275,1.59,2.28,19,0.0600310085990852,172821445288.877,0.279487037997594
727197,-5.09,150.98,177,7.39,1.5844264e+20,Reverse,42.183855136052,35.1026729542572,0.832135252717978,102,80,127,1.66,2.6,8.9,0.18790691420746,172821445288.877,0.279487037997594
733458,2.77,95.96,26,7.39,1.5921202e+20,Reverse,58.8248517451969,66.7592241877261,1.13488129943612,308,12,80,1.39,2.23,3.1,0.0337689510184705,172821445288.877,0.279487037997594
736561,-55.3394,-31.9394,12,7.38,1.5333185e+20,Reverse,31.2957993834875,60.3782305537718,1.92927586906852,133,35,100,2.5,2.17,10,1.16239009463966,135998033187.456,0.284211749275978
730393,16.06,-96.93,40,7.38,1.5480472e+20,Normal,34.8845980798936,62.5214623465362,1.79223685488214,300,49,282,2.12,2.05,6.4,0.407649289786928,162590252748.967,0.278960345791543
726928,15.23,147.53,11,7.37,1.4684424e+20,Normal,25.21446773362,57.3479136794959,2.27440508700607,26,61,280,2.07,1.9,5.9,4.26981122336656,52979413104.0256,0.325700211166361
734493,26.8656,143.7392,14,7.37,1.4956213e+20,Normal,33.0029185053013,51.0347194512629,1.54636988977399,116.32,40.35,236.32,1.36,2.01,6.9,0.395160351271225,163789376427.092,0.279805080480172
734797,-28.99,-176.24,45,7.37,1.5109368e+20,Reverse,39.215700002553,37.2321654970529,0.94941988781608,206,40,83,1.69,2.06,7.6,0.489724651304083,172821445288.876,0.279487037997594
737011,34.8965,45.8045,15,7.33,1.2792129e+20,StikeSlip,58.1449031782367,55.568778728428,0.955694750373703,354,16,138,2.18,3.06,7.2,0.114640965918309,86165040349.0426,0.256579742114925
734571,38.44,142.84,32,7.32,1.2542145e+20,Reverse,39.5841690730452,51.9502204245357,1.31239891201635,193,12,78,1.52,2.17,4.5,0.126146005522543,172821445288.877,0.279487037997594
735108,12.14,-88.59,11.8,7.32,1.2646233e+20,Reverse,70.4253155920681,112.868398484636,1.60266798289433,284,15,77,1.74,4.02,0.5,0.143640216983154,66495717653.3177,0.279277377587194
734337,-5.93,150.59,35,7.31,1.2139013e+20,Reverse,40.7444368278491,66.3381298356137,1.62815184109432,257,24,82,2.32,2.04,3.1,0.014376212861203,131135739926.376,0.276292464863146
735886,12.6127,-88.0734,40.5,7.29,1.1131799e+20,Normal,38.1670518321069,48.1562881072112,1.26172407339833,125.77,21.72,271.8,2,2.31,8.2,0.127914811174284,172821445288.876,0.279487037997594
734497,-19.7,167.94,16,7.29,1.1411524e+20,Normal,27.3429775958597,52.5923636218395,1.92343220256316,150,49,242,1.22,2.15,13,0.229984993153658,135980575337.048,0.286365734633716
736096,27.8428,86.1535,15,7.26,1.0367405e+20,Reverse,56.7480178410118,87.8122676748012,1.54740678204516,305,9,116,2.25,3.21,3.3,0.156437828695441,84529171674.6799,0.254607371794872
734360,-17.54,168.07,25,7.26,1.0172033e+20,Reverse,33.806703134661,35.5090618084107,1.05035565482292,345,33,126,1.18,2.17,8.6,0.121860457530372,169540975634.203,0.279687865362814
735707,17.4,-100.96,24,7.25,9.9761792e+19,Reverse,42.4218444006874,65.1144676030361,1.53492778362039,303,18,98,2.24,2.14,4.9,0.0931987688030598,132469039308.854,0.276671434063429
736554,-22.489,173.0954,16.1,7.24,9.602446e+19,StikeSlip,17.8615343239024,57.2032471572113,3.20259425197652,292.34,52.45,184.82,2.46,1.92,8.4,0.976646817325142,139247973987.371,0.279564911122977
734267,3.75,96.02,38,7.24,9.5033855e+19,Reverse,35.2815003757125,50.432638712363,1.42943577158868,304,18,88,1.36,2.15,5.5,0.0997775602926042,172821445288.877,0.279487037997594
731522,2.82,96.08,30,7.23,9.1105466e+19,Reverse,59.0131701631612,41.4946705336674,0.703142542909351,297,16,73,2.63,1.95,2.6,0.0749264303400952,168553476642.905,0.279292898752164
736359,54.0377,158.5142,160,7.2,8.2728467e+19,Normal,20.3193514479146,28.2677480078846,1.39117373309598,78,72,239,0.74,2.17,17,0.0318090983668535,172821445288.876,0.279487037997594
732540,38.28,142.04,36,7.18,7.7272223e+19,Reverse,33.2195672846922,39.8183847523727,1.1986424871561,202,25,81,1.31,2.04,5.5,0.036609788707249,172821445288.877,0.279487037997594
731814,-45.1,167.14,28,7.17,7.5100215e+19,Reverse,34.3788043571566,35.7802288987345,1.04076420247251,209,67,88,1.55,2.32,5.7,0.113684038761585,138733248909.472,0.276928416964666
734878,2.43,93.21,19,7.17,7.5946684e+19,StikeSlip,11.8974589766719,88.8569735312411,7.46856733908212,103,81,187,2.05,2.1,7.7,0.382427857301322,93469162105.2415,0.299139803066268
737107,16.45,-97.85,25,7.16,7.146535e+19,Reverse,30.4053127879502,29.2519898617263,0.96206837488345,297,12,91,2.62,3.08,18,0.364278120487986,124889052709.624,0.276438579314786
736478,-56.2571,-27.0364,78,7.15,6.9645446e+19,Normal,36.4267824319221,34.488932207731,0.94680149892973,99,67,307,1.77,2.06,5.4,0.0530868443784519,172821445288.876,0.279487037997594
736008,52.6693,-31.9244,13.8,7.13,6.4685736e+19,StikeSlip,19.9268407510474,45.2190280080384,2.2692522398796,277.88,79.8,190.63,1.27,2.16,11,0.309312080317573,146302398072.132,0.280427442374798
736353,59.6585,-153.4521,127.8,7.12,6.2205808e+19,StikeSlip,26.6467499795371,23.1270058972701,0.867910942799028,60,66,37,1.28,2.03,13,0.208738020298551,172821445288.876,0.279487037997594
734735,-18.36,168.14,32,7.12,6.3735013e+19,Reverse,30.9688539431425,33.4087403429252,1.07878516926271,334,29,93,1.41,2.12,8.1,0.0851949039514868,172821445288.877,0.279487037997594
736957,18.549,-98.487,51,7.11,6.012192e+19,Normal,24.2308656092478,45.1687909664383,1.86410141902646,111,42,269,2.03,2.11,8.6,0.114085409373504,172821445288.877,0.279487037997594
736302,-47.74,85.183,20,7.1,5.819964e+19,Normal,35.5464015178935,39.2430234021354,1.10399426457784,49,54,312,1.21,2.1,5.9,0.0630130999477052,101228946843.414,0.301417956177215
736571,-0.0718,-17.8139,12,7.1,5.8395161e+19,StikeSlip,8.53785780417862,70.8772051816051,8.30152092096406,79,85,169,1,2.02,11,1.57753697361727,90281683994.9803,0.29989332642791
737074,-15.776,-74.744,36.3,7.09,5.7254333e+19,Reverse,37.8427701114523,43.7161738427045,1.15520543855416,313,35,92,2.16,2.26,5.1,0.0108410031469309,153168550476.033,0.278126264613166
735700,-6.59,155.05,60,7.06,5.0736954e+19,Reverse,49.5147626869503,48.1117185992626,0.971664125776827,310,45,87,2.43,2.15,2.1,0.00445710611072334,172821445288.877,0.279487037997594
736091,-7.2771,154.5344,12,7.05,4.8551687e+19,Normal,17.2454612887867,72.2196902212104,4.18775056299415,125,67.5,272,1.96,2.24,2.7,0.386216291523464,46398784105.8492,0.330580673774526
736435,32.782,130.726,12,7.04,4.742828e+19,StikeSlip,19.2744288825068,51.0195316627812,2.64700614341345,224,66,208,2.26,1.95,5,0.749341343267477,85044560711.5453,0.265854477786413
736574,-37.401,179.055,19,7.02,4.4226091e+19,StikeSlip,49.0529329866053,77.6782423432887,1.5835595878538,351,26,215,2.27,2.15,2.3,0.0196098936146539,124884991789.58,0.275555776115203
736448,-16.0941,167.3368,35,6.98,3.8615787e+19,Reverse,21.2146453067031,23.4522891144013,1.10547637140986,332,37,91,2.32,1.76,9.4,0.0634301164478181,172821445288.877,0.279487037997594
736172,-2.69,138.4789,48,6.96,3.5648385e+19,Reverse,34.8288838943006,24.5374057116576,0.704513121526496,122,56,75,1.95,3.6,4.2,0.0230606274212463,154770203449.756,0.277742975287408
736809,-33.0844,-72.0397,27,6.89,2.791498e+19,Reverse,37.2071620536251,32.2457867693631,0.866655369277791,4,17,99,2.05,2.15,3.3,0.00117953569123292,172821445288.876,0.279487037997594
737184,19.37,-155.03,8,6.88,2.7660745e+19,Reverse,17.0336582479621,77.1889075683374,4.53155196873651,240,20,114,1.2,2.13,3.3,0.38374516601621,51491864640.6712,0.322375021391131
734354,-5.75,150.76,34,6.87,2.6603077e+19,Reverse,53.2489805707802,48.6049196410921,0.912785918530121,240,31,80,2.19,2.06,1,0.010275475480792,118850175555.589,0.273369005911105
